{
  "2D": 5735.54699659346,
  "3D": 5.88300013542175,
  "Editor": 27443.0089995861,
  "External": 9747.0080049038,
  "Script": 11955.440997839
}